Heat Flux (W/cm2),Re,T average (°C)
40,5562.404456,27.596
80,3811.68,48.171
60,5973.275888,32.726
60,5973.275888,32.726
60,5973.275888,32.726
40,5562.404456,27.596
60,1583.211406,60.87
60,5973.275888,32.726
60,1583.211406,60.87
